codeClean,codeDisinf,codeEcon,codeElev,codeEmgr,codeFalarm,codeGarbage,codeMgr,codeNet,codeSec,codeStr,codeWsupply,convenientFacility,disposalType,educationFacility,kaptCcompany,kaptCode,kaptMgrCnt,kaptName,kaptdCccnt,kaptdClcnt,kaptdDcnt,kaptdEcapa,kaptdEcnt,kaptdPcnt,kaptdPcntu,kaptdScnt,kaptdSecCom,kaptdWtimebus,kaptdWtimesub,subwayLine,subwayStation,welfareFacility
위탁관리,위탁관리,단일계약,위탁관리,위탁선임,GR형,음식물쓰레기종량제,위탁관리,무,위탁관리,철근콘크리트구조,부스타방식,병원(대성의원) 백화점(롯데백화점) 대형상가(LG하이프라자) 공원(여의도공원),"도포식,분무식,기구부착식,독이식",중학교(영원) 고등학교(영등포여고),주식회사 건은,A15003001,4,영등포두산위브,70,3,12,1150,8,59,245,4,주식회사 건은휴넥스,5~10분이내,5~10분이내,"1호선, 5호선",신길,"관리사무소, 노인정, 어린이놀이터, 자전거보관소, 기타"
위탁관리,위탁관리,단일계약,위탁관리,상주선임,GR형,거점장비수거방식,위탁관리,유,위탁관리,철근콘크리트구조,부스타방식,병원(영등포종도외과의원) 백화점(롯데백화점) 대형상가(삼성디지털프라자) 공원(고추말어린이공원),"분무식,독이식",초등학교(서울영원),서림주택관리(주),A15003002,17,영등포푸르지오,420,22,12,4850,58,347,2207,24,(주)듀델코리아,5분이내,5~10분이내,1호선,영등포,"관리사무소, 노인정, 보육시설, 문고, 주민공동시설, 어린이놀이터, 휴게시설, 자전거보관소"
위탁관리,위탁관리,종합계약,위탁관리,위탁선임,P형,음식물쓰레기종량제,위탁관리,,위탁관리,철근콘크리트구조,부스타방식,백화점() 백화점() 공원() 공원(),분무식,중학교() 중학교() 고등학교() 고등학교(),서림주택관리(주),A10026311,1,순영웰라이빌아파트,18,1,12,650,4,12,154,3,,5~10분이내,5~10분이내,"1호선, 1호선, 5호선, 5호선",신길역,"관리사무소, 관리사무소, 노인정, 노인정, 어린이놀이터, 어린이놀이터, 자전거보관소, 자전거보관소"
위탁관리,위탁관리,종합계약,위탁관리,상주선임,R형,차량수거방식,위탁관리,,관리방식미정,철골철근콘크리트구조,부스타방식,,분무식,,(주)크라운종합관리,A10024490,5,여의도더리브스타일,42,3,6,2250,3,0,95,0,,5~10분이내,5분이내,"1호선, 5호선",신길역,관리사무소
,,,,,,,자치관리,,,,,,,,,A10025518,,현대프라자주상복합아파트,,,,,,,,,,5분이내,5분이내,,,
위탁관리,위탁관리,단일계약,위탁관리,상주선임,P형,음식물쓰레기종량제,자치관리,,위탁관리,철근콘크리트구조,고가수조식,관공서(남부교육청) 병원(서울성모병원) 공원(남부근로청소년회관체육공원) 기타(도서관),,초등학교(영동초),,A15003701,6,영등포경남아너스빌,79,7,12,1350,12,0,706,8,(주)푸른안전산업,5~10분이내,15~20분이내,5호선,영등포시5,"관리사무소, 노인정, 어린이놀이터, 유치원"
위탁관리(직영+위탁),위탁관리,단일계약,위탁관리,상주선임,R형,차량수거방식,위탁관리,,위탁관리,철근콘크리트구조,부스타방식,"병원(한강성심병원) 백화점(신세계, 롯데) 대형상가(영등포 시장)","도포식,분무식,독이식",,율산개발 유한회사,A10026816,12,아크로타워스퀘어,275,16,6,6000,25,0,1530,16,(주)에스원,5~10분이내,5분이내,5호선,영등포시장역,"관리사무소, 노인정, 보육시설, 문고, 주민공동시설, 어린이놀이터, 휴게시설, 커뮤니티공간, 자전거보관소"
위탁관리,위탁관리,단일계약,위탁관리,위탁선임,R형,거점장비수거방식,위탁관리,,위탁관리,철골철근콘크리트구조,부스타방식,,분무식,,(주)신대한관리,A10026801,2,브라운스톤 영등포,30,1,6,200,3,54,80,2,청원종합,5분이내,5~10분이내,,,
위탁관리,위탁관리,단일계약,위탁관리,상주선임,R형,거점장비수거방식,위탁관리,,위탁관리,철골철근콘크리트구조,부스타방식,관공서(영등포구청) 병원(한림대학교한강성심병원) 백화점(타임스퀘어) 대형상가(빅마켓),"분무식,기구부착식",초등학교(영중초등학교) 중학교(당산중학교) 고등학교(장훈고등학교),(주)아주관리,A10024567,9,포레나영등포센트럴아파트,85,8,4,6136,4,0,326,4,(주)유케이개발,5분이내,5분이내,5호선,영등포시장역,"관리사무소, 노인정, 주민공동시설, 어린이놀이터, 자전거보관소"
위탁관리,위탁관리,단일계약,위탁관리,상주선임,R형,음식물쓰레기종량제,위탁관리,,위탁관리,철근콘크리트구조,부스타방식,"병원(서울성모병원) 백화점(롯데, 신세계, 타임스퀘어) 대형상가(롯데 빅마켓) 공원(당산동마을마당공원) 기타(영등포경찰서)","분무식,독이식",초등학교(영동초) 중학교(당산중),서림주택관리(주),A15003801,5,영등포삼환,88,5,12,1850,12,103,475,6,주)경진이앤지,5분이내,10~15분이내,"2호선, 9호선",당산역,"관리사무소, 노인정, 문고, 어린이놀이터, 자전거보관소"
위탁관리,위탁관리,단일계약,위탁관리,상주선임,R형,음식물쓰레기종량제,위탁관리,,위탁관리,철근콘크리트구조,부스타방식,병원(서울성모병원) 공원(당산동마을마당공원) 기타(롯데마트),도포식,초등학교(영동초) 중학교(당산중),율산개발 유한회사,A15003802,5,당산푸르지오,108,5,12,2550,24,22,828,6,(주)유케이개발,5분이내,10~15분이내,2호선,당산,"관리사무소, 노인정, 보육시설, 주민공동시설, 어린이놀이터, 휴게시설, 유치원, 자전거보관소"
위탁관리,위탁관리,단일계약,위탁관리,위탁선임,P형,음식물쓰레기종량제,자치관리,,위탁관리,철근콘크리트구조,고가수조식,관공서(여의동사무소) 병원(김열회산부인과) 공원(앙카라) 기타(케이비에스),분무식,초등학교(윤중) 중학교(윤중) 고등학교(여의도),,A15089513,6,여의도진주,33,3,12,700,4,190,0,8,한국보안컨설팅,5분이내,15~20분이내,"5호선, 9호선",여의도,"관리사무소, 어린이놀이터"
위탁관리,위탁관리,종합계약,위탁관리,상주선임,R형,거점장비수거방식,위탁관리,,위탁관리,철근콘크리트구조,고가수조식,관공서(소방서) 병원(여의도성모병원) 공원(앙카라) 기타(케이비에스별관),,초등학교(윤중) 중학교(윤중),(주)세안텍스,A15089307,10,여의대우트럼프월드2차,92,8,4,2750,10,4,542,8,인덕종합관리,5분이내,5분이내,9호선,여의도,"관리사무소, 노인정, 주민공동시설, 휴게시설, 커뮤니티공간"
위탁관리,위탁관리,종합계약,위탁관리,상주선임,R형,차량수거방식,위탁관리(총액관리제),,위탁관리,철근콘크리트구조,부스타방식,병원(여의도성모) 백화점(롯데) 대형상가(이마트) 공원(여의도) 기타(국회의사당),"도포식,분무식,독이식","초등학교(여의도) 중학교(여의도) 고등학교(여의도, 영등포여)",한국주택시설관리(주),A15076302,13,여의도자이,158,12,4,5500,17,0,1382,19,한국주택시설관리(주),5분이내,5~10분이내,"5호선, 9호선","5호선 여의도역, 9호선 샛강역","관리사무소, 어린이놀이터, 휴게시설, 커뮤니티공간, 자전거보관소"
위탁관리,위탁관리,종합계약,위탁관리,상주선임,P형,음식물쓰레기종량제,자치관리,,위탁관리,철근콘크리트구조,고가수조식,관공서(여의동사무소) 병원(여의도성모병원) 공원(한강시민공원),"분무식,기구부착식",초등학교(여의도) 중학교(여의도) 고등학교(여의도여),,A15089421,21,여의도시범아파트,56,27,4,3000,24,1297,0,55,경진이엔지,5분이내,15~20분이내,"1호선, 5호선, 9호선",여의나루,"관리사무소, 자전거보관소"
위탁관리,위탁관리,단일계약,위탁관리,상주선임,P형,음식물쓰레기종량제,자치관리,무,자치관리,철근콘크리트구조,부스타방식,병원(여의도성모병원) 백화점() 공원(한강시민공원),"도포식,분무식,기구부착식,독이식",초등학교(여의도초등학교) 중학교(여의도중학교) 고등학교(여의도고),,A15001020,13,여의도삼부,118,8,12,2250,20,720,0,32,,5분이내,5분이내,5호선,여의나루,"관리사무소, 노인정, 어린이놀이터"
위탁관리,위탁관리,종합계약,위탁관리,상주선임,P형,음식물쓰레기종량제,자치관리,,위탁관리,철근콘크리트구조,고가수조식,병원(가주치과) 대형상가(여의도백화점) 공원(여의도샛강생태공원),"분무식,독이식",초등학교(윤중) 중학교(윤중),,A15088717,7,여의도미성,37,7,12,1500,15,465,0,23,삼우안전관리(유),5분이내,5분이내,"5호선, 9호선",여의도,"관리사무소, 노인정, 어린이놀이터, 휴게시설, 자전거보관소"
위탁관리,위탁관리,종합계약,위탁관리,위탁선임,P형,기타,자치관리,,위탁관리,철근콘크리트구조,고가수조식,병원(맨션치과) 공원(한강시민공원),,초등학교(여의도) 중학교(여의도) 고등학교(여의도여),,A15001004,4,여의도장미,24,3,12,750,5,220,0,10,이엠피서비스,5분이내,5~10분이내,5호선,여의나루,"관리사무소, 어린이놀이터"
위탁관리,위탁관리,단일계약,위탁관리,위탁선임,P형,음식물쓰레기종량제,자치관리,,위탁관리,철근콘크리트구조,부스타방식,"관공서(주민센터, 치안센터, 소방파출소) 병원(맨션치과) 백화점() 대형상가(LG하이프라자) 공원(한강시민공원)","도포식,분무식","초등학교(여의도초교) 중학교(여의도중) 고등학교(여의도여고, 여의도고)",,A15001016,8,여의도대교,30,8,4,998,10,400,0,21,(주)이엠피서비스,10~15분이내,10~15분이내,"5호선, 9호선",,"관리사무소, 어린이놀이터"
위탁관리,위탁관리,단일계약,위탁관리,위탁선임,P형,,자치관리,,자치관리,철근콘크리트구조,고가수조식,병원(연세치과의원) 백화점(더현대서울) 대형상가(이마트) 공원(한강시민공원),분무식,"초등학교(여의도초등) 중학교(여의도중) 고등학교(여의도고,  여의도여고)",,A15001009,6,여의도수정,56,3,4,750,9,280,0,18,,5분이내,5~10분이내,"1호선, 5호선, 9호선",여의나루,관리사무소
위탁관리,위탁관리,종합계약,위탁관리,위탁선임,P형,거점장비수거방식,자치관리,무,자치관리,철근콘크리트구조,부스타방식,관공서(여의동사무소) 병원(여의도성모병원) 공원(한강시민공원),"분무식,독이식",초등학교(여의도) 중학교(여의도) 고등학교(여의도여),,A15089510,6,여의도은하,54,3,4,990,15,314,0,16,,5분이내,15~20분이내,"1호선, 5호선, 9호선","대방역,여의도역,샛강역","관리사무소, 어린이놀이터"
자치관리,위탁관리,종합계약,위탁관리,위탁선임,P형,,자치관리,무,자치관리,철근콘크리트구조,고가수조식,관공서(여의동사무소) 병원(여의도성모병원) 공원(한강시민공원),"도포식,분무식",초등학교(여의도) 중학교(여의도) 고등학교(여의도여),,A15089411,6,여의도삼익,20,3,12,900,15,374,0,15,,5분이내,15~20분이내,"5호선, 9호선",여의나루,"관리사무소, 어린이놀이터"
위탁관리(직영+위탁),위탁관리,종합계약,위탁관리,상주선임,R형,차량수거방식,위탁관리,,위탁관리(직영+위탁),철골철근콘크리트구조,부스타방식,병원(충정한의원) 대형상가(여의도백화점),"분무식,독이식",초등학교(윤중) 중학교(윤중),(주)무림하우징,A15088614,11,롯데캐슬엠파이어,160,12,4,8000,10,0,935,8,,5분이내,5분이내,"1호선, 5호선, 9호선",여의도,"관리사무소, 노인정, 주민공동시설, 휴게시설, 자전거보관소"
위탁관리,위탁관리,종합계약,위탁관리,기타,R형,음식물쓰레기종량제,위탁관리,,위탁관리,철골철근콘크리트구조,고가수조식,병원(여의도성모병원) 공원(한강시민공원),"도포식,분무식",초등학교(여의도) 중학교(여의도) 고등학교(여의도),율산개발 유한회사,A15001005,9,여의도금호리첸시아,97,10,12,3000,8,0,517,11,가엘S&S,5분이내,15~20분이내,"1호선, 5호선, 9호선",여의나루,"관리사무소, 주민공동시설, 커뮤니티공간"
자치관리(직영),위탁관리,종합계약,위탁관리,위탁선임,P형,음식물쓰레기종량제,자치관리,,자치관리(직영),철근콘크리트구조,고가수조식,,"분무식,독이식",,,A15001003,6,서울아파트관리사무소,32,2,4,975,8,260,0,16,,5분이내,5분이내,5호선,여의나루,"관리사무소, 노인정, 어린이놀이터"
자치관리,위탁관리,단일계약,위탁관리,상주선임,P형,음식물쓰레기종량제,자치관리,,자치관리,철근콘크리트구조,고가수조식,관공서(여의도주민센터) 병원(여의도성모병원) 백화점(여의도백화점) 공원(한강시민공원),"도포식,분무식,독이식",초등학교(여의도초등학교) 중학교(여의도중학교) 고등학교(여의도고등학교),,A15088208,6,여의도목화,24,2,4,800,4,312,0,6,,5분이내,5분이내,5호선,여의나루역,"관리사무소, 어린이놀이터, 자전거보관소"
자치관리,위탁관리,종합계약,위탁관리,상주선임,P형,거점장비수거방식,자치관리,무,위탁관리,철근콘크리트구조,고가수조식,"관공서(여의동주민센타) 병원(연세치과의원, 여의도성모병원) 대형상가(LG하이프라자) 공원(한강시민공원)","도포식,분무식","초등학교(여의도초교) 중학교(여의도중) 고등학교(여의도여고, 여의도고)",,A15088918,10,여의도한양,100,9,4,1900,19,621,0,32,이데아그룹,5분이내,5~10분이내,"5호선, 9호선, 인천1호선",,"관리사무소, 주민공동시설, 어린이놀이터, 휴게시설"
자치관리(직영),위탁관리,종합계약,위탁관리,상주선임,R형,거점장비수거방식,위탁관리,유,자치관리(직영),철근콘크리트구조,부스타방식,관공서(여의동사무소) 병원(김열회산부인과) 공원(앙카라) 기타(케이비에스),,초등학교(윤중),무림하우징,A15076301,10,여의도대우트럼프월드,69,9,12,4350,10,0,492,10,,5분이내,5분이내,"1호선, 5호선, 9호선","샛강역, 대방역, 여의도역","관리사무소, 주민공동시설, 휴게시설, 커뮤니티공간, 자전거보관소, 기타"
자치관리(직영),위탁관리,종합계약,위탁관리,위탁선임,P형,음식물쓰레기종량제,자치관리,,자치관리,철근콘크리트구조,고가수조식,백화점(더현대서울) 공원(여의도공원),분무식,고등학교(여의도고),,A15001012,7,여의도공작,13,3,4,950,6,290,0,14,,5분이내,5분이내,5호선,여의나루역,"관리사무소, 어린이놀이터"
위탁관리,위탁관리,단일계약,위탁관리,상주선임,P형,음식물쓰레기종량제,자치관리,무,자치관리,철근콘크리트구조,고가수조식,병원(가주치과) 대형상가(여의도백화점) 공원(여의도공원),"도포식,분무식,독이식",초등학교(윤중) 중학교(윤중),,A15001019,18,여의도광장,76,9,4,3200,30,910,0,36,,5분이내,5분이내,"5호선, 9호선",여의도,"관리사무소, 노인정, 어린이놀이터"
위탁관리,위탁관리,종합계약,위탁관리,위탁선임,P형,음식물쓰레기종량제,자치관리,,위탁관리,철골철근콘크리트구조,고가수조식,백화점() 공원() 기타(),"도포식,독이식",,,A15001001,4,여의도초원,18,2,12,375,2,64,0,2,두원에이앤씨,5분이내,5~10분이내,"5호선, 9호선",,관리사무소
위탁관리,위탁관리,종합계약,위탁관리,상주선임,R형,거점장비수거방식,위탁관리,무,위탁관리,철골철근콘크리트구조,부스타방식,"관공서(여의도 우체국) 병원(카톨릭대학교 여의도성모병원) 백화점(여의도백화점) 공원(여의도공원, 앙카라 공원)",분무식,초등학교(여의도 초등학교) 중학교(여의도 중학교) 고등학교(여의도 여자고등학교),(주)세안텍스,A15088915,12,롯데캐슬아이비,46,18,4,7000,12,0,1081,11,(주)세안텍스,5분이내,10~15분이내,"1호선, 5호선, 9호선",대방역 / 여의도역 / 샛강역,"관리사무소, 노인정, 주민공동시설, 어린이놀이터, 휴게시설, 커뮤니티공간, 자전거보관소"
자치관리(직영),위탁관리,종합계약,위탁관리,위탁선임,P형,음식물쓰레기종량제,자치관리,,자치관리(직영),벽돌구조,고가수조식,공원(),,초등학교() 중학교() 고등학교(),,A15088802,4,여의도화랑,32,2,12,600,8,155,0,6,,5분이내,10~15분이내,"5호선, 9호선",,"관리사무소, 어린이놀이터"
위탁관리,위탁관리,종합계약,위탁관리,상주선임,R형,차량수거방식,자치관리,,위탁관리,철골철근콘크리트구조,고가수조식,,도포식,,,A10024981,1,콤비아파트,32,4,12,2687,3,11,133,2,아세아환경,5분이내,5~10분이내,"5호선, 9호선",,"관리사무소, 어린이놀이터, 기타"
위탁관리,위탁관리,단일계약,위탁관리,상주선임,P형,음식물쓰레기종량제,위탁관리,,위탁관리,철근콘크리트구조,고가수조식,관공서(영등포구청) 병원(소망치과) 대형상가(삼성홈플러스) 기타(영등포청과시장),"분무식,독이식",초등학교(문래초) 중학교(양화중학교),율산개발(주),A15080002,5,당산진로,50,3,12,1954,8,74,477,8,(주)이오티앤디,5분이내,5~10분이내,"2호선, 5호선",영등포구청,"관리사무소, 노인정, 주민공동시설, 어린이놀이터, 휴게시설"
위탁관리,위탁관리,종합계약,위탁관리,위탁선임,GR형,음식물쓰레기종량제,위탁관리,,위탁관리,철근콘크리트구조,부스타방식,"관공서(영등포구청) 병원(김안과병원) 백화점(타임스퀘어) 대형상가(홈플러스, 이마트) 공원(문래근린공원)","분무식,독이식",초등학교(영증초) 중학교(양화중교),태림주택종합관리(주),A15004101,2,당산신동아파밀리에,37,2,12,940,14,23,148,2,태림주택관리,5분이내,5~10분이내,"1호선, 2호선, 5호선","영등포,문래","관리사무소, 노인정, 주민공동시설, 어린이놀이터, 휴게시설, 커뮤니티공간, 자전거보관소"
,,,,,,,자치관리,,,,,,,,,A15075001,,당산코오롱,,,,,,,,,,5분이내,,"2호선, 5호선",,
위탁관리,위탁관리,단일계약,위탁관리,위탁선임,P형,차량수거방식,위탁관리,무,위탁관리,철근콘크리트구조,부스타방식,관공서(영등포구청) 병원(김원식치과) 백화점() 대형상가(영등포유통상가) 공원(당산 문래공원) 기타(홈플러스),"도포식,분무식",초등학교(문래초) 중학교(양화중학교),인덕종합관리(주),A15004201,7,당산동대우,43,3,12,1100,4,0,542,2,인덕종합관리(주),5분이내,5~10분이내,"2호선, 5호선",영등포구청,"관리사무소, 노인정, 어린이놀이터, 자전거보관소"
위탁관리,위탁관리,단일계약,위탁관리,상주선임,P형,차량수거방식,위탁관리,,위탁관리,철근콘크리트구조,부스타방식,"관공서(영등포구청) 병원(영등포병원) 백화점(롯데백화점, 신세계백화점) 대형상가(홈플러스,코스트코, 롯데마트, 영등포유통상가) 공원(당산공원)","도포식,분무식,독이식",초등학교(당중초) 중학교(양화중),태림주택종합관리(주),A15004202,7,당산2가현대,150,7,4,2100,21,251,489,9,태림주택종합관리(주),5분이내,5분이내,"2호선, 5호선",영등포구청역,"관리사무소, 노인정, 보육시설, 주민공동시설, 어린이놀이터, 휴게시설, 유치원, 커뮤니티공간, 자전거보관소"
위탁관리,위탁관리,종합계약,관리방식미정,상주선임,R형,음식물쓰레기종량제,위탁관리,유,위탁관리,철근콘크리트구조,부스타방식,관공서(영등포구청) 병원(영등포병원) 대형상가(코스트코/홈플러스/롯데마트) 공원(당산공원),"도포식,독이식",,주식회사 한화에스테이트서비스,A10023489,8,포레나 당산,93,6,12,3500,12,0,348,2,(주)멀티파워텍,5분이내,5분이내,"2호선, 5호선",영등포구청역,"관리사무소, 보육시설, 문고, 주민공동시설, 휴게시설, 커뮤니티공간, 자전거보관소"
위탁관리,자치관리,단일계약,위탁관리,위탁선임,GR형,거점장비수거방식,위탁관리,,위탁관리,철근콘크리트구조,부스타방식,관공서(영등포경찰서) 병원(성모치과) 대형상가(하이마트-영등포점) 공원(당산공원),"도포식,분무식,독이식",초등학교(영중초),국제경보산업(주),A15080402,3,당산삼익,17,1,12,130,2,130,0,4,(주)조현시스템,5~10분이내,5분이내,"2호선, 5호선",영등포구청,"관리사무소, 어린이놀이터, 자전거보관소"
위탁관리,위탁관리,단일계약,위탁관리,상주선임,R형,거점장비수거방식,위탁관리,무,위탁관리,철근콘크리트구조,부스타방식,"관공서(영등포구청,영등포경찰서) 병원(성모치과,영등포병원) 백화점(코스트코,롯데마트) 대형상가(하이마트-영등포점,) 공원(당산공원)","도포식,분무식,독이식",초등학교(당중초),(주)화신지엠에스,A15072001,4,당산쌍용예가클래식,80,3,12,1500,13,6,279,4,(주)세계보안관리,5~10분이내,5분이내,"2호선, 5호선",영등포구청,"관리사무소, 노인정, 주민공동시설, 어린이놀이터, 커뮤니티공간, 자전거보관소, 기타"
위탁관리,위탁관리,단일계약,위탁관리,위탁선임,P형,음식물쓰레기종량제,위탁관리,,위탁관리,철근콘크리트구조,부스타방식,관공서(영등포경찰서) 병원(평강한의원) 대형상가(LG하이프라자) 공원(당산공원),"분무식,독이식",초등학교(영중초),광인산업주식회사,A15080204,5,당산한양,68,4,12,900,13,295,0,6,코리아종합관리(주),5~10분이내,5분이내,"2호선, 5호선",영등포구청,"관리사무소, 노인정, 주민공동시설, 어린이놀이터, 자전거보관소"
위탁관리,위탁관리,단일계약,위탁관리,상주선임,R형,음식물쓰레기종량제,위탁관리,유,위탁관리,철근콘크리트구조,부스타방식,"관공서(영등포경찰서) 병원(한성의원가정의학과, 영등포병원) 대형상가(롯데빅마켓) 공원(당산공원)",분무식,초등학교(영중초),남경종합관리(주),A15080205,5,당산동부센트레빌,146,4,4,1800,11,0,749,6,(주)국보종합관리,5~10분이내,5분이내,"2호선, 5호선",영등포구청,"관리사무소, 노인정, 어린이놀이터, 자전거보관소"
위탁관리,위탁관리,단일계약,위탁관리,위탁선임,P형,,위탁관리(직영+위탁),,위탁관리,철근콘크리트구조,부스타방식,관공서(영등포경찰서) 병원(한성의원가정의학과) 공원(당산공원),,초등학교(영중초),,A15072002,3,당산SHVILLE,29,2,4,327,5,215,0,2,승학,5~10분이내,5분이내,"2호선, 5호선",영등포구청,노인정
,,,,,,,기타,,,,,,,,유원종합관리(주),A10024834,,당산금호2차어울림아파트,,,,,,,,,,,,,,
위탁관리,위탁관리,단일계약,위탁관리,상주선임,P형,거점장비수거방식,자치관리,무,위탁관리,철근콘크리트구조,부스타방식,관공서(영등포경찰서) 병원(명이비인후과) 대형상가(롯데마트),"도포식,분무식,기구부착식",초등학교(당서) 중학교(당산서) 고등학교(선유고등학교),,A15004406,6,당산현대3차,79,5,4,1600,15,263,37,8,승학,5~10분이내,5~10분이내,"2호선, 5호선, 9호선",영등포구청,"관리사무소, 노인정, 어린이놀이터"
위탁관리,위탁관리,종합계약,위탁관리,상주선임,R형,거점장비수거방식,위탁관리,무,위탁관리,철근콘크리트구조,부스타방식,관공서(영등포경찰서) 병원(박경웅의원) 대형상가(롯데마트),"도포식,분무식,기구부착식,독이식",초등학교(당서) 중학교(당산서),대한종합관리(주),A15080507,8,당산현대5차,96,10,12,2750,69,55,1085,14,(주)승학,5~10분이내,5~10분이내,"2호선, 5호선, 9호선","영등포구청역, 당산역","관리사무소, 노인정, 문고, 주민공동시설, 어린이놀이터, 유치원, 커뮤니티공간, 자전거보관소"
위탁관리,위탁관리,단일계약,위탁관리,상주선임,P형,거점장비수거방식,위탁관리,,위탁관리,철근콘크리트구조,고가수조식,"관공서(영등포경찰서) 병원(박경웅의원,영등포병원) 백화점(롯데백화점) 대형상가(롯데빅마켓) 공원(남부근로청소년회관체육공원)",분무식,초등학교(당산) 중학교(당산서),남경종합관리(주),A15004403,4,당산금호어울림,50,3,12,1150,9,133,217,4,태림종합건설,5~10분이내,5~10분이내,"2호선, 5호선, 8호선",영등포구청,"관리사무소, 노인정, 어린이놀이터, 자전거보관소"
위탁관리,위탁관리,단일계약,위탁관리,위탁선임,R형,거점장비수거방식,위탁관리,무,위탁관리,철근콘크리트구조,고가수조식,"관공서(영등포경찰서,영등포구청) 병원(영등포병원) 대형상가(코스트코,빅마켓,홈플러스) 공원(당산공원)","도포식,분무식",초등학교(당서) 중학교(당산서),서림주택,A15004405,4,당산2차삼성,64,4,12,900,7,59,329,6,(주)경진이엔지,5~10분이내,5~10분이내,"2호선, 5호선",영등포구청,"관리사무소, 노인정, 어린이놀이터, 자전거보관소"
위탁관리,위탁관리,단일계약,위탁관리,위탁선임,P형,음식물쓰레기종량제,위탁관리,,위탁관리,철근콘크리트구조,고가수조식,관공서(영등포경찰서) 병원(당산치과의원) 대형상가(롯데마트) 공원(남부근로청소년회관체육공원),"도포식,분무식",초등학교(당서) 중학교(당산서),우리관리(주),A15080501,4,한강아파트,31,2,12,1160,6,76,217,4,삼우안전관리,5분이내,5~10분이내,"2호선, 5호선, 9호선",영등포구청,"관리사무소, 노인정, 어린이놀이터, 휴게시설, 자전거보관소"
위탁관리,위탁관리,종합계약,위탁관리,상주선임,R형,음식물쓰레기종량제,위탁관리,,위탁관리,철근콘크리트구조,부스타방식,관공서(영등포경찰서) 병원(영등포병원) 대형상가(롯데마트),"도포식,분무식",초등학교(영동) 중학교(당산서),주식회사 한빛종합관리,A15072201,5,당산반도유보라,110,4,12,2750,10,2,614,4,밝은티에스,5~10분이내,5~10분이내,"2호선, 5호선",영등포구청역,"관리사무소, 노인정, 주민공동시설, 어린이놀이터, 자전거보관소"
위탁관리,위탁관리,종합계약,위탁관리,위탁선임,R형,음식물쓰레기종량제,위탁관리,,위탁관리,철골철근콘크리트구조,부스타방식,,분무식,,(주)경진관리,A10027684,2,당산브라운스톤아파트,40,2,12,1254.5,6,23,162,2,경진관리,10~15분이내,10~15분이내,"2호선, 5호선",,"관리사무소, 노인정, 어린이놀이터, 자전거보관소"
위탁관리,위탁관리,종합계약,위탁관리,상주선임,GR형,기타,위탁관리,,위탁관리,철골철근콘크리트구조,부스타방식,"관공서(영등포구청, 영등포제2구민체육시설) 대형상가(VIC 마켓)",분무식,,에이제이대원 주식회사,A10026797,4,당산롯데캐슬프레스티지 아파트,124,3,6,1935,5,0,302,4,새롬씨큐리티(주),5~10분이내,5~10분이내,"2호선, 9호선",,"관리사무소, 노인정, 어린이놀이터, 자전거보관소, 기타"
위탁관리,위탁관리,단일계약,위탁관리,상주선임,GR형,음식물쓰레기종량제,위탁관리,유,위탁관리,철근콘크리트구조,부스타방식,"관공서(치안센터,파출소) 병원(김미경산부인과의원)",독이식,초등학교(당서) 중학교(당산서),(주)세안텍스,A15004507,11,당산삼성래미안,254,18,12,5000,32,71,2393,14,(주)세이프원,5분이내,5분이내,"2호선, 9호선",당산,"관리사무소, 노인정, 보육시설, 어린이놀이터, 자전거보관소"
위탁관리,위탁관리,단일계약,위탁관리,위탁선임,P형,음식물쓰레기종량제,위탁관리,유,위탁관리,철근콘크리트구조,부스타방식,"관공서(치안센터,파출소) 병원(남서울정형외과) 대형상가(롯데마트)","도포식,분무식,독이식",초등학교(당서) 중학교(당산서),율산개발 유한회사,A15004503,2,당산2차효성타운,74,2,6,950,9,85,216,8,이데아,5~10분이내,5~10분이내,"2호선, 9호선",당산,"관리사무소, 노인정, 보육시설, 주민공동시설, 어린이놀이터, 휴게시설, 자전거보관소"
자치관리(직영),위탁관리,단일계약,위탁관리,위탁선임,GR형,거점장비수거방식,위탁관리,,관리방식미정,철근콘크리트구조,부스타방식,"관공서(치안센터,파출소) 병원(김미경산부인과의원)","분무식,기구부착식",초등학교(당서) 중학교(당산서),에이제이대원 주식회사,A15004502,4,당산디오빌,77,1,12,960,5,0,195,0,,5분이내,5분이내,"2호선, 9호선",당산,관리사무소
위탁관리,위탁관리,단일계약,위탁관리,상주선임,P형,음식물쓰레기종량제,위탁관리,유,위탁관리,철근콘크리트구조,고가수조식,"관공서(치안센터,파출소) 병원(남서울정형외과) 대형상가(롯데빅마트)","도포식,분무식",초등학교(당서) 중학교(당산서),우리관리(주),A15004506,4,당산동1차효성아파트,112,4,12,1750,14,135,445,6,명신주택관리(주),5~10분이내,5~10분이내,"2호선, 9호선",당산,"관리사무소, 노인정, 보육시설, 어린이놀이터, 자전거보관소"
위탁관리,위탁관리,단일계약,위탁관리,상주선임,P형,거점장비수거방식,위탁관리,무,위탁관리,철근콘크리트구조,고가수조식,"관공서(치안센터,파출소) 병원(남서울정형외과) 대형상가(2001아울렛)","도포식,분무식",초등학교(당서) 중학교(당산서) 고등학교(선유고등학교),대한종합개발(주),A15004505,6,당산유원제일2차,64,5,12,1350,17,450,0,8,현대관리시스템,5~10분이내,5~10분이내,"2호선, 9호선",당산,"관리사무소, 노인정, 어린이놀이터"
위탁관리,위탁관리,단일계약,위탁관리,위탁선임,P형,음식물쓰레기종량제,위탁관리,유,위탁관리,철근콘크리트구조,고가수조식,"관공서(치안센터,파출소,소방서)",독이식,초등학교(당서) 중학교(당산서),세화종합관리(주),A15004501,3,당산성원아파트,15,3,6,960,5,87,137,2,탑종합관리,5분이내,5분이내,"2호선, 9호선",당산,"관리사무소, 노인정, 어린이놀이터, 휴게시설"
위탁관리,위탁관리,종합계약,위탁관리,상주선임,R형,음식물쓰레기종량제,위탁관리,,위탁관리,철근콘크리트구조,부스타방식,,"분무식,독이식",,우리관리(주),A10024789,8,당산센트럴아이파크,151,9,4,3000,18,0,1121,7,홈스웰,5분이내,5~10분이내,"2호선, 9호선",,"관리사무소, 노인정, 보육시설, 주민공동시설, 어린이놀이터, 커뮤니티공간, 자전거보관소"
자치관리,위탁관리,종합계약,위탁관리,상주선임,P형,음식물쓰레기종량제,자치관리,,자치관리,철근콘크리트구조,고가수조식,관공서(남부교육청) 병원(서울성모병원) 기타(대한결핵협회),"분무식,독이식",초등학교(영동초) 중학교(당산중),,A15081001,5,래미안당산1차아파트,46,4,12,1100,10,109,220,6,,5~10분이내,5~10분이내,"2호선, 9호선",당산역,"관리사무소, 노인정, 주민공동시설, 어린이놀이터, 자전거보관소"
위탁관리,위탁관리,단일계약,위탁관리,상주선임,GR형,거점장비수거방식,위탁관리,무,위탁관리,철근콘크리트구조,부스타방식,관공서(남부교육청) 병원(한강성심병원) 백화점(롯데백화점 영등포점) 공원(당산동마을마당공원) 기타(대한결핵협회),"분무식,독이식",초등학교(영동초) 중학교(당산중),(주)타워피엠씨,A15081002,7,당산강변래미안3차,152,10,12,3000,23,100,910,8,듀델코리아,5~10분이내,10~15분이내,"2호선, 9호선",당산역,"관리사무소, 노인정, 보육시설, 주민공동시설, 어린이놀이터, 자전거보관소"
위탁관리,위탁관리,단일계약,위탁관리,상주선임,P형,음식물쓰레기종량제,위탁관리,,위탁관리,철근콘크리트구조,고가수조식,관공서(동사무소) 병원(계남한의원) 백화점(롯데백화점) 대형상가(삼성디지털프라자) 공원(영등포공원),,초등학교(서울영원),(주)한빛관리,A15083202,4,도림동아에코빌,73,4,12,1520,8,59,342,4,우창개발,5~10분이내,10~15분이내,"1호선, 2호선",영등포,"관리사무소, 노인정, 어린이놀이터, 자전거보관소"
위탁관리,위탁관리,단일계약,위탁관리,위탁선임,P형,음식물쓰레기종량제,자치관리,,위탁관리,철근콘크리트구조,고가수조식,"관공서(주민센터) 병원(고려대학교 구로병원) 백화점(롯데) 대형상가(테크노마트, 디큐브씨티) 공원(도림동철도연변소공원)","도포식,분무식,독이식",초등학교(도림초) 중학교(대영) 고등학교(대영),,A15083201,3,도림청구,32,2,12,837,4,84,123,2,(주)이오티앤디,5분이내,10~15분이내,"1호선, 2호선",신도림역,"관리사무소, 노인정, 어린이놀이터"
위탁관리,위탁관리,종합계약,위탁관리,상주선임,P형,차량수거방식,위탁관리,유,위탁관리,철근콘크리트구조,압력탱크식,백화점() 공원(),"도포식,분무식",초등학교(),한국주택시설관리(주),A15076702,7,영등포아트자이,216,8,12,6050,17,10,836,10,우창개발,5~10분이내,5~10분이내,"1호선, 2호선",신도림역,"관리사무소, 노인정, 보육시설, 주민공동시설, 어린이놀이터"
위탁관리,위탁관리,단일계약,위탁관리,위탁선임,P형,거점장비수거방식,자치관리,,위탁관리,철근콘크리트구조,고가수조식,,독이식,,,A15076701,2,도림한라,,1,12,,3,21,120,2,엔케이에스씨,5분이내,5~10분이내,"1호선, 2호선",,"관리사무소, 노인정, 보육시설, 어린이놀이터, 자전거보관소"
위탁관리,위탁관리,단일계약,위탁관리,위탁선임,P형,거점장비수거방식,위탁관리,,위탁관리,철근콘크리트구조,고가수조식,"관공서(영등포 등기소,구로세무서) 병원(참사랑병원) 백화점(영등포 롯데백화점) 대형상가(삼성홈플러스,센터플러스) 공원(문래공원) 기타(인근 아파트형공장)","도포식,분무식",초등학교(신도림),광인산업(주),A15009201,5,문래남성,24,2,4,980,4,256,0,6,(주)경진이앤지,5~10분이내,5~10분이내,"1호선, 2호선",신도림,"관리사무소, 노인정, 어린이놀이터, 자전거보관소"
위탁관리,위탁관리,단일계약,위탁관리,위탁선임,P형,음식물쓰레기종량제,위탁관리,,위탁관리,철근콘크리트구조,부스타방식,"관공서(영등포세무서,등기소) 병원(이혜영치과) 백화점(홈플러스) 대형상가(영일시장) 공원(문래공원) 기타(아파트형공장)","도포식,분무식",초등학교(문래) 중학교(양화),서림주택관리,A15083602,4,문래공원한신,32,3,12,1140,7,208,0,6,(주)강일기업,5분이내,5분이내,2호선,문래,"관리사무소, 노인정, 어린이놀이터, 자전거보관소"
위탁관리,위탁관리,단일계약,위탁관리,상주선임,R형,거점장비수거방식,위탁관리,,위탁관리,철근콘크리트구조,부스타방식,"관공서(영등포세무서,등기소) 병원(강일한의원) 백화점(롯데,신세계,경방필) 대형상가(영일시장) 공원(문래공원) 기타(아파트형공장)",도포식,초등학교(문래) 중학교(양화),서일개발,A15083404,13,문래자이아파트,228,12,1,4000,28,284,1747,22,(주)동익,5분이내,5분이내,2호선,문래,"관리사무소, 노인정, 보육시설, 문고, 주민공동시설, 어린이놀이터, 휴게시설, 자전거보관소"
위탁관리,위탁관리,종합계약,위탁관리,상주선임,R형,음식물쓰레기종량제,위탁관리,,위탁관리,철근콘크리트구조,부스타방식,"관공서(영등포세무서,등기소) 병원(문래현대의원) 백화점(롯데,신세계,경방필) 대형상가(영일시장) 공원(문래공원) 기타(아파트형공장)",도포식,초등학교(문래) 중학교(양화),(주)무림하우징,A15083603,9,문래힐스테이트,208,9,12,5350,19,158,1234,10,조은세이프,5~10분이내,5분이내,"1호선, 2호선",문래역,"관리사무소, 노인정, 문고, 주민공동시설, 자전거보관소"
위탁관리,위탁관리,종합계약,,위탁선임,R형,차량수거방식,위탁관리,,위탁관리,콘크리트구조,부스타방식,,,,서림주택관리(주),A15076801,2,금호어울림,31,1,6,600,,10,144,4,(주)조은시스템,5분이내,5분이내,2호선,,"관리사무소, 노인정, 주민공동시설, 어린이놀이터, 휴게시설, 자전거보관소"
자치관리,위탁관리,종합계약,위탁관리,위탁선임,P형,기타,자치관리,,자치관리,철골철근콘크리트구조,고가수조식,기타(),분무식,,,A10027023,1,문래우정아파트,32,1,12,400,3,0,124,2,자치,5분이내,5~10분이내,2호선,,"관리사무소, 노인정, 어린이놀이터"
위탁관리,위탁관리,단일계약,위탁관리,위탁선임,P형,음식물쓰레기종량제,위탁관리,,위탁관리,철근콘크리트구조,고가수조식,"관공서(영등포세무서,등기소) 병원(김안과) 백화점(롯데,신세계,경방필) 대형상가(홈플러스) 공원(문래공원) 기타(아파트형공장)","도포식,분무식",초등학교(문래) 중학교(양화) 고등학교(관악고),서림주택관리(주),A15083601,4,문래국화,37,3,12,845,9,255,0,3,경진이앤지,5분이내,5분이내,2호선,문래,"관리사무소, 어린이놀이터, 자전거보관소"
위탁관리,위탁관리,종합계약,위탁관리,기타,P형,차량수거방식,위탁관리,,위탁관리,철근콘크리트구조,고가수조식,,분무식,,태영그린(주),A10024832,4,문래해태아파트,16,1,12,682,2,1,89,0,,10~15분이내,10~15분이내,"1호선, 2호선",,"관리사무소, 노인정, 어린이놀이터, 자전거보관소"
위탁관리,위탁관리,단일계약,위탁관리,상주선임,P형,음식물쓰레기종량제,위탁관리,유,위탁관리,철근콘크리트구조,고가수조식,"관공서(영등포등기소, 세무서) 병원(윤치과) 백화점(롯데, 신세계, 경방필) 대형상가(삼성홈플러스, 영일시장) 공원(문래공원) 기타(인근 아파트형공장)","도포식,분무식,기구부착식,독이식",초등학교(문래),세화종합관리(주),A15009402,4,문래삼환,62,4,12,1500,9,48,347,3,듀델코리아,10~15분이내,10~15분이내,"1호선, 2호선","문래,신도림","관리사무소, 노인정, 주민공동시설, 자전거보관소"
위탁관리,위탁관리,단일계약,위탁관리,위탁선임,R형,음식물쓰레기종량제,위탁관리,,위탁관리,철근콘크리트구조,부스타방식,관공서(문래동 주민센터) 병원(엠스치과의원) 백화점(현대백화점 신도림점 ) 대형상가(신도림 다큐브시티) 공원(문래공원),"도포식,분무식,기구부착식","초등학교(문래초등학교, 신도림초등학교) 중학교(신도림중학교) 고등학교(신도림고등학교)",우리관리(주),A15009401,3,리버뷰신안인스빌,64,2,8,1770,4,0,243,3,주식회사 동익,5~10분이내,10~15분이내,"1호선, 2호선",,"관리사무소, 노인정, 주민공동시설, 어린이놀이터, 휴게시설, 자전거보관소"
위탁관리,위탁관리,단일계약,위탁관리,위탁선임,P형,거점장비수거방식,위탁관리,,위탁관리,철근콘크리트구조,부스타방식,"관공서(영등포등기소, 세무서, 영등포구청) 병원(임석수치과) 백화점(롯데, 신세계, 경방필) 대형상가(삼성홈플러스, 영일시장) 공원(문래공원) 기타(인근아파트형공장)",분무식,초등학교(영문) 중학교(문래) 고등학교(관악),(주)신성티엠,A15009505,3,문래두산위브,27,3,12,900,5,308,0,6,(주)신성티엠,20분초과,15~20분이내,2호선,문래,"관리사무소, 노인정, 어린이놀이터, 자전거보관소"
위탁관리,위탁관리,종합계약,위탁관리,위탁선임,P형,거점장비수거방식,위탁관리,,위탁관리,철근콘크리트구조,고가수조식,"관공서(영등포등기소, 세무서) 병원(문종훈치과의원) 백화점(롯데, 신세계, 경방필) 대형상가(삼성홈플러스, 영일시장) 공원(문래공원) 기타(인근아파트형공장)","도포식,분무식,기구부착식,독이식",초등학교(영문) 중학교(문래) 고등학교(관악),주식회사 푸른종합주택관리,A15009503,2,문래대림,42,2,12,841,4,39,212,3,푸른안전산업,5분이내,10~15분이내,2호선,문래,"관리사무소, 노인정, 어린이놀이터, 자전거보관소"
위탁관리,위탁관리,단일계약,위탁관리,위탁선임,P형,음식물쓰레기종량제,위탁관리,무,위탁관리,철근콘크리트구조,부스타방식,"관공서(영등포등기소, 세무서) 병원(영등포병원) 백화점(롯데, 신세계, 경방필) 대형상가(삼성홈플러스, 영일시장) 공원(문래공원) 기타(인근아파트형공장)",분무식,초등학교(영문) 중학교(문래) 고등학교(관악),세화종합관리주식회사,A15009501,2,문래진주,21,2,4,845,8,135,0,4,세화종합관리주식회사,5분이내,10~15분이내,"2호선, 5호선",문래,"관리사무소, 노인정, 어린이놀이터, 휴게시설, 자전거보관소"
위탁관리,위탁관리,단일계약,위탁관리,위탁선임,P형,음식물쓰레기종량제,위탁관리,,위탁관리,철근콘크리트구조,부스타방식,"관공서(영등포구청, 영등포경찰서, 영등포소방서, 영등포등기소, 세무서) 병원(이대목동병원, 임석수치과) 백화점(롯데, 신세계, 경방필) 대형상가(삼성홈플러스, 영일시장) 공원(문래공원) 기타(인근아파트형공장)",분무식,초등학교(영문) 중학교(문래) 고등학교(관악),광인산업(주),A15009504,4,문래현대5차아파트,51,3,12,850,9,111,67,4,(주)동익,5~10분이내,10~15분이내,2호선,"문래역, 도림천역","관리사무소, 노인정, 어린이놀이터"
위탁관리,위탁관리,단일계약,위탁관리,위탁선임,P형,음식물쓰레기종량제,위탁관리,,위탁관리,철근콘크리트구조,부스타방식,"관공서(영등포등기소, 세무서) 병원(임석수치과) 백화점(롯데, 신세계, 경방필) 대형상가(삼성홈플러스, 영일시장) 공원(문래공원) 기타(인근아파트형공장)","도포식,분무식",초등학교(영문) 중학교(문래) 고등학교(관악),서일개발,A15009502,2,문래현대3차,17,2,4,550,7,70,32,2,에이스시설관리,5분이내,5~10분이내,2호선,문래,"관리사무소, 노인정, 어린이놀이터, 자전거보관소"
위탁관리,위탁관리,단일계약,위탁관리,상주선임,R형,음식물쓰레기종량제,위탁관리,,위탁관리,철골철근콘크리트구조,부스타방식,,,,(주)다보산업관리,A10026197,4,문래동모아미래도아파트,171,2,12,1850,8,0,251,2,(주)다보산업관리,5분이내,5~10분이내,2호선,,"관리사무소, 노인정, 보육시설, 문고, 주민공동시설, 어린이놀이터, 커뮤니티공간, 자전거보관소"
위탁관리,위탁관리,종합계약,위탁관리,위탁선임,기타,음식물쓰레기종량제,위탁관리,,위탁관리,철근콘크리트구조,부스타방식,"관공서(영등포등기소, 세무서) 병원(임석수치과) 백화점(롯데, 신세계, 경방필) 대형상가(삼성홈플러스, 영일시장) 공원(문래공원) 기타(인근아파트형공장)",분무식,초등학교(문래) 중학교(영문) 고등학교(관악),유원종합관리주식회사,A15009607,4,문래현대2차,64,3,4,850,8,165,43,3,유원종합관리주식회사,5~10분이내,10~15분이내,"2호선, 5호선",문래,"관리사무소, 노인정, 주민공동시설, 어린이놀이터, 자전거보관소"
위탁관리,위탁관리,단일계약,위탁관리,위탁선임,P형,음식물쓰레기종량제,위탁관리,,위탁관리,철근콘크리트구조,부스타방식,"관공서(영등포등기소, 세무서) 병원(임석수치과) 백화점(롯데, 신세계, 경방필) 대형상가(삼성홈플러스, 영일시장) 공원(문래공원) 기타(인근아파트형공장)","도포식,분무식,독이식",초등학교(문래) 중학교(영문) 고등학교(관악),광인산업(주),A15009606,4,문래베어스타운,54,3,12,1231,10,88,216,2,두원에이앤씨(주),5분이내,10~15분이내,2호선,문래역,"관리사무소, 노인정, 보육시설, 주민공동시설, 어린이놀이터, 자전거보관소"
위탁관리,위탁관리,단일계약,위탁관리,위탁선임,P형,거점장비수거방식,위탁관리,,위탁관리,철근콘크리트구조,고가수조식,"관공서(영등포등기소, 세무서) 백화점(롯데, 신세계, ) 대형상가(삼성홈플러스, 영일시장) 공원(문래공원) 기타(인근아파트형공장)","도포식,분무식",초등학교(영문) 중학교(문래) 고등학교(관악),(주)한빛관리,A15009602,4,문래한신,23,2,12,540,4,155,0,2,(주)한빛관리,5분이내,10~15분이내,2호선,문래,"관리사무소, 노인정, 어린이놀이터, 자전거보관소"
위탁관리,위탁관리,단일계약,위탁관리,위탁선임,P형,음식물쓰레기종량제,위탁관리,무,위탁관리,철근콘크리트구조,고가수조식,"관공서(영등포등기소, 세무서) 병원(임석수치과) 백화점(롯데, 신세계, 경방필) 대형상가(삼성홈플러스, 영일시장) 공원(문래공원) 기타(인근아파트형공장)","도포식,분무식,기구부착식,독이식",초등학교(문래) 중학교(영문) 고등학교(관악),광인산업(주),A15009605,4,문래현대6차아파트,48,3,12,650,8,55,186,4,우진토탈(주),20분초과,15~20분이내,"2호선, 5호선",문래,"관리사무소, 노인정, 어린이놀이터, 자전거보관소"
위탁관리,위탁관리,단일계약,위탁관리,위탁선임,기타,음식물쓰레기종량제,위탁관리,,위탁관리,철근콘크리트구조,고가수조식,"관공서(영등포등기소, 세무서) 병원(임석수치과) 백화점(롯데, 신세계, 경방필) 대형상가(삼성홈플러스, 영일시장) 공원(문래공원) 기타(인근아파트형공장)",,초등학교(문래) 중학교(영문) 고등학교(관악),에이제이대원 주식회사,A15009604,4,문래현대1차,12,2,12,950,6,210,0,4,,20분초과,15~20분이내,"2호선, 의정부경전철",문래,노인정
위탁관리,위탁관리,단일계약,위탁관리,위탁선임,P형,음식물쓰레기종량제,위탁관리,,위탁관리(직영+위탁),철근콘크리트구조,고가수조식,"관공서(영등포등기소, 세무서) 병원(임석수치과) 백화점(롯데, 신세계, 경방필) 대형상가(삼성홈플러스, 영일시장) 공원(문래공원) 기타(인근아파트형공장)",분무식,초등학교(문래) 중학교(영문) 고등학교(관악),광인산업(주),A15009603,3,문래대원,32,2,12,900,6,44,196,4,,20분초과,15~20분이내,2호선,문래,"관리사무소, 노인정, 어린이놀이터, 자전거보관소"
위탁관리(직영+위탁),위탁관리,단일계약,위탁관리,위탁선임,P형,음식물쓰레기종량제,위탁관리,,위탁관리(직영+위탁),철근콘크리트구조,고가수조식,공원(),"도포식,분무식,독이식",초등학교() 중학교(),유원종합관리(주),A15009601,3,문래미원아파트,24,2,12,781,5,30,146,3,,5분이내,5~10분이내,"2호선, 5호선",,"관리사무소, 노인정, 어린이놀이터, 휴게시설, 자전거보관소"
위탁관리,위탁관리,단일계약,위탁관리,위탁선임,P형,음식물쓰레기종량제,자치관리,,위탁관리,철골철근콘크리트구조,부스타방식,,도포식,,,A10027512,1,문래유원아파트,28,1,4,580,5,55,62,2,성진,5분이내,10~15분이내,,,"관리사무소, 노인정, 어린이놀이터, 자전거보관소"
위탁관리,위탁관리,종합계약,위탁관리,상주선임,R형,거점장비수거방식,위탁관리,,위탁관리,철근콘크리트구조,부스타방식,,분무식,초등학교() 중학교() 고등학교(),우리관리(주),A10024925,8,문래롯데캐슬아파트,112,7,4,3150,28,0,561,4,(주)홈스웰,5분이내,5~10분이내,"2호선, 5호선",도림천,"관리사무소, 노인정, 보육시설, 주민공동시설, 어린이놀이터, 커뮤니티공간"
위탁관리,위탁관리,종합계약,위탁관리,위탁선임,R형,거점장비수거방식,위탁관리,,위탁관리,철골철근콘크리트구조,부스타방식,공원(),"도포식,분무식",초등학교() 중학교() 고등학교(),광인산업(주),A10024495,4,e편한세상 문래 에듀플라츠,114,3,12,750,8,5,282,2,피누스이앤씨,5분이내,10~15분이내,5호선,,"관리사무소, 노인정, 문고, 주민공동시설, 어린이놀이터, 휴게시설, 커뮤니티공간, 자전거보관소"
위탁관리,위탁관리,종합계약,위탁관리,위탁선임,P형,거점장비수거방식,위탁관리,무,위탁관리,철근콘크리트구조,부스타방식,"관공서(영등포등기소, 세무서) 병원(연세이비인후과) 백화점(롯데, 신세계, 경방필) 대형상가(삼성홈플러스, 영일시장) 공원(문래공원) 기타(인근 아파트형 공장)",분무식,초등학교(영문) 중학교(문래) 고등학교(관악),(주)경진관리,A15086202,5,양평신동아아파트,28,5,12,900,4,400,0,10,(주)경진관리,5분이내,5~10분이내,"2호선, 5호선","문래, 양평","관리사무소, 노인정, 어린이놀이터, 자전거보관소"
위탁관리,위탁관리,단일계약,위탁관리,위탁선임,P형,음식물쓰레기종량제,위탁관리,무,위탁관리,철근콘크리트구조,고가수조식,"관공서(영등포등기소, 세무서) 병원(이민정치과) 백화점(롯데, 신세계, 경방필) 대형상가(삼성홈플러스, 영일시장) 공원(문래공원) 기타(인근 아파트형 공장)","분무식,독이식",초등학교(영문) 중학교(문래) 고등학교(관악),에이제이대원 주식회사,A15086201,2,양평서통한신,24,2,12,550,5,22,186,2,에코그린티엠,5분이내,5~10분이내,"2호선, 5호선","문래, 양평","관리사무소, 노인정, 어린이놀이터"
위탁관리,위탁관리,종합계약,위탁관리,상주선임,R형,음식물쓰레기종량제,위탁관리,유,위탁관리(직영+위탁),철근콘크리트구조,부스타방식,,분무식,,주식회사 한빛종합관리,A10024316,5,영등포 중흥S-클래스,206,4,12,1750,6,0,402,2,주식회사 한빛종합관리,5분이내,5분이내,5호선,,"관리사무소, 노인정, 자전거보관소"
위탁관리,위탁관리,단일계약,위탁관리,위탁선임,P형,음식물쓰레기종량제,위탁관리,,위탁관리,철근콘크리트구조,수도직결식,"관공서(동사무소,영등포구청,출입국사무소) 병원(영등포병원, 수병원(화상전문병원)) 백화점(현대백화점,행복한백화점,홈플러스) 대형상가() 공원(문래어린이공원) 기타()","도포식,분무식",초등학교(영문) 중학교(문래) 고등학교(관악),대원종합관리(주),A15010203,4,양평벽산,24,3,12,900,3,224,0,6,,10~15분이내,5~10분이내,"2호선, 5호선",양평,"관리사무소, 노인정, 어린이놀이터, 휴게시설, 유치원, 자전거보관소, 기타"
위탁관리,위탁관리,단일계약,위탁관리,상주선임,R형,음식물쓰레기종량제,위탁관리,무,위탁관리,철근콘크리트구조,고가수조식,관공서(동사무소) 병원(백정형외과) 대형상가(양남시장) 공원(어린이공원),"분무식,독이식",초등학교(영문) 중학교(문래) 고등학교(관악),남경종합관리(주),A15010202,5,양평삼성래미안,59,4,4,1200,6,87,314,4,남경종합관리(주),5~10분이내,5~10분이내,5호선,양평,"관리사무소, 노인정, 주민공동시설, 어린이놀이터, 자전거보관소"
위탁관리,위탁관리,기타,위탁관리,위탁선임,P형,음식물쓰레기종량제,위탁관리,무,위탁관리,철근콘크리트구조,고가수조식,관공서(동사무소) 병원(백정형외과) 대형상가(양남시장) 공원(어린이공원),"도포식,분무식",초등학교(영문) 중학교(문래) 고등학교(관악),(주)한얼관리,A15010201,2,양평상록수,21,1,12,425,5,22,31,2,(주)한얼관리,5분이내,5~10분이내,5호선,양평,"관리사무소, 노인정, 주민공동시설, 자전거보관소"
,,,,,,,기타,,,,,,,,,A10025034,,오목교벽산블루밍아파트,,,,,,,,,,,,,,
자치관리(직영),위탁관리,단일계약,위탁관리,위탁선임,P형,음식물쓰레기종량제,위탁관리,,위탁관리,철근콘크리트구조,고가수조식,"관공서(구청,세무서) 병원(영등포병원) 대형상가(코스트고홀세세일) 공원(당산공원)",,초등학교(당중),에이제이대원 주식회사,A15010303,3,양평동삼천리아파트,50,2,12,600,6,35,180,2,에이제이대원,5분이내,5분이내,"2호선, 5호선",양평,"관리사무소, 노인정, 어린이놀이터"
위탁관리,위탁관리,단일계약,위탁관리,상주선임,P형,거점장비수거방식,위탁관리,,위탁관리,철근콘크리트구조,부스타방식,관공서() 병원() 대형상가() 공원(한강시민공원),"도포식,분무식",초등학교(양화) 중학교(양평) 고등학교(선유 양평),우리관리(주),A15010305,4,양평현대2차,52,3,12,1000,12,246,0,4,동익(주),10~15분이내,5~10분이내,"2호선, 5호선, 9호선",양평,"관리사무소, 노인정, 어린이놀이터, 자전거보관소"
자치관리(직영),위탁관리,단일계약,위탁관리,위탁선임,GR형,차량수거방식,위탁관리,,자치관리(직영),철근콘크리트구조,고가수조식,"관공서(구청,세무서) 병원(영등포병원) 대형상가(코스트코) 공원(당산공원)","분무식,독이식",초등학교(당중),아산종합관리(주),A15010302,2,양평경남1차,32,2,16,450,3,9,158,2,,5~10분이내,5~10분이내,"2호선, 5호선","2호선 영등포구청역, 5호선 양평역","관리사무소, 노인정, 보육시설, 어린이놀이터, 자전거보관소"
위탁관리,위탁관리,단일계약,위탁관리,상주선임,GR형,음식물쓰레기종량제,위탁관리,,위탁관리,철근콘크리트구조,부스타방식,"관공서(영등포구청, 강서세무서) 병원() 공원(한강시민공원, 선유도공원)","분무식,기구부착식,기구설치식,독이식",초등학교(선유) 중학교(선유) 고등학교(선유 ),남경종합관리(주),A15010307,7,양평동6차현대아파트,104,7,12,2750,17,79,709,7,남경종합관리,5분이내,5~10분이내,"2호선, 5호선, 9호선","당산역, 영등포구청역","관리사무소, 노인정, 보육시설, 문고, 주민공동시설, 어린이놀이터, 휴게시설, 커뮤니티공간, 자전거보관소"
위탁관리,위탁관리,단일계약,위탁관리,위탁선임,P형,음식물쓰레기종량제,위탁관리,무,위탁관리,철골철근콘크리트구조,고가수조식,관공서() 병원() 백화점() 대형상가() 공원(),"분무식,독이식",중학교() 고등학교(),신한영주택관리(주),A15010304,3,양평삼호,35,2,12,700,4,57,171,2,뉴맨테크,5~10분이내,5~10분이내,"2호선, 5호선",,"관리사무소, 노인정, 주민공동시설, 어린이놀이터, 자전거보관소"
위탁관리,위탁관리,단일계약,위탁관리,상주선임,P형,음식물쓰레기종량제,위탁관리,,위탁관리,철근콘크리트구조,부스타방식,관공서(영등포구청) 병원(대명병원) 공원(선유도공원),"도포식,분무식,독이식",초등학교(선유초등학교) 중학교(선유중학교) 고등학교(선유고등학교),광인산업(주),A15010306,6,양평거성파스텔,55,4,4,1300,12,113,572,6,(주)듀델코리아,5분이내,10~15분이내,"2호선, 5호선, 9호선",,"관리사무소, 노인정, 보육시설, 문고, 주민공동시설, 어린이놀이터, 자전거보관소"
위탁관리,위탁관리,단일계약,자치관리(직영),위탁선임,P형,거점장비수거방식,위탁관리,,자치관리(직영),철근콘크리트구조,부스타방식,관공서(양평1동사무소) 병원() 백화점() 대형상가() 공원(한강시민공원) 기타(),"도포식,독이식",초등학교(당중) 중학교(양평) 고등학교(선유 양평),율산개발(주),A15010301,2,양평우림루미아트,30,2,12,600,6,15,166,2,,10~15분이내,5~10분이내,"2호선, 5호선",양평,"관리사무소, 노인정, 어린이놀이터, 휴게시설, 자전거보관소"
위탁관리,위탁관리(직영+위탁),종합계약,위탁관리,위탁선임,GR형,음식물쓰레기종량제,위탁관리,,위탁관리,철골콘크리트구조,부스타방식,,"도포식,분무식,기구부착식",,(주)로이안,A10026457,2,양평역미소지움아파트,32,2,6,800,4,32,96,2,(주)로이안,5분이내,5분이내,5호선,양평역,"관리사무소, 주민공동시설, 어린이놀이터, 커뮤니티공간, 자전거보관소, 기타"
위탁관리,위탁관리,종합계약,위탁관리,상주선임,P형,음식물쓰레기종량제,위탁관리,,위탁관리,철근콘크리트구조,부스타방식,"관공서(세무서,국세청) 병원(대명병원, 강병우치과) 공원(선유도 공원, 한강시민공원)","도포식,분무식","초등학교(선유, 당산) 중학교(선유) 고등학교(선유)",한영주택관리(주),A15086601,2,양평경남2차아너스빌,43,2,12,600,3,17,196,3,(주)한영파트너스FH,5~10분이내,5~10분이내,"2호선, 9호선",당산,"관리사무소, 노인정, 주민공동시설, 어린이놀이터, 휴게시설, 커뮤니티공간, 자전거보관소"
위탁관리,위탁관리,단일계약,위탁관리,위탁선임,P형,음식물쓰레기종량제,위탁관리,,위탁관리,철근콘크리트구조,고가수조식,"관공서(세무서,국세청) 병원(강병우치과) 공원(한강시민공원)","분무식,독이식",초등학교(양화) 중학교(양평) 고등학교(선유 양평),세화종합관리,A15086702,3,삼호한숲,36,2,12,600,5,26,186,2,세화종합관리,5분이내,5분이내,9호선,당산,"관리사무소, 노인정, 주민공동시설, 어린이놀이터, 자전거보관소"
위탁관리,위탁관리,단일계약,위탁관리,위탁선임,P형,음식물쓰레기종량제,위탁관리,,위탁관리(직영+위탁),철근콘크리트구조,수도직결식,"관공서(세무서,국세청) 병원(강병우치과) 공원(한강시민공원)",분무식,초등학교(양화) 중학교(양평) 고등학교(선유 양평),세화종합관리(주),A15086603,4,양평성원,60,4,12,1250,11,136,197,4,,20분초과,15~20분이내,"2호선, 9호선",당산,"관리사무소, 노인정, 주민공동시설, 어린이놀이터, 휴게시설, 자전거보관소, 기타"
위탁관리,위탁관리,단일계약,위탁관리,위탁선임,P형,음식물쓰레기종량제,위탁관리,무,위탁관리,철근콘크리트구조,고가수조식,관공서(동사무소) 병원(대명병원) 공원(한강시민공원),"도포식,분무식",초등학교(당산) 중학교(선유중학교) 고등학교(한강미디어고등학교. 선유고등학교),세화종합관리(주),A15010501,3,양평동보아파트,43,2,12,732,5,74,128,4,(주)듀델코리아,5분이내,5분이내,9호선,선유도,"관리사무소, 노인정, 어린이놀이터, 자전거보관소"
위탁관리,위탁관리,단일계약,위탁관리,상주선임,P형,거점장비수거방식,위탁관리,무,위탁관리,철근콘크리트구조,고가수조식,"관공서(양평제2주민센터) 병원(이대목동병원) 공원(양화시민공원, 선유도공원)",,초등학교(당산초등학교) 중학교(양정중학교) 고등학교(한강미디어고등학교),세화종합관리(주),A15010502,13,양평한신,150,10,12,3600,25,455,835,16,듀델코리아(주),5분이내,5분이내,9호선,선유도역,"관리사무소, 노인정, 주민공동시설, 어린이놀이터, 휴게시설, 유치원, 자전거보관소, 기타"
위탁관리,위탁관리,단일계약,위탁관리,위탁선임,P형,차량수거방식,위탁관리,,자치관리(직영),철근콘크리트구조,수도직결식,관공서(동사무소) 공원(한강시민공원),"도포식,분무식,독이식",초등학교(당산) 고등학교(한강전자공예),우진관리(주),A15010602,3,양평동양,52,3,12,882,7,119,185,4,,15~20분이내,15~20분이내,9호선,문래,"관리사무소, 노인정, 보육시설, 어린이놀이터, 휴게시설, 자전거보관소"
위탁관리,위탁관리,단일계약,위탁관리(직영+위탁),위탁선임,P형,거점장비수거방식,위탁관리,무,위탁관리(직영+위탁),철근콘크리트구조,고가수조식,관공서(동사무소) 공원(한강시민공원),"기구설치식,독이식",초등학교(당산) 고등학교(한강전자공예),일신주택관리(주),A15010601,4,양평한솔,36,2,12,800,12,1,244,2,일신주택관리(주),5~10분이내,15~20분이내,"2호선, 9호선","선유도역, 당산역","관리사무소, 노인정, 어린이놀이터, 자전거보관소"
위탁관리,위탁관리,단일계약,위탁관리,위탁선임,P형,음식물쓰레기종량제,위탁관리,,위탁관리,철근콘크리트구조,부스타방식,관공서(신길4동 주민센터) 병원(성심병원) 백화점(롯데백화점) 대형상가(사러가쇼핑센터) 공원(삼성공원),"도포식,분무식",초등학교(우신초등학교) 중학교(영원중학교),,A15005401,4,신길삼성제2,36,2,6,850,4,90,86,3,다보산업관리,15~20분이내,15~20분이내,"1호선, 5호선, 7호선","1호선-영등포역,5호선-신길역,7호선-신풍역","관리사무소, 노인정, 어린이놀이터, 자전거보관소"
위탁관리,위탁관리,단일계약,위탁관리,위탁선임,P형,거점장비수거방식,위탁관리,,위탁관리,철근콘크리트구조,부스타방식,관공서(동사무소) 병원(윤면소아과의원) 대형상가(사러가쇼핑센터),"분무식,독이식",초등학교(도림초등학교) 중학교(대영중교) 고등학교(대영고교),태림주택종합관리(주),A15005301,4,신길우성5차,32,4,12,950,9,149,85,4,남경종합관리(주),10~15분이내,10~15분이내,"1호선, 2호선, 7호선",신풍,"관리사무소, 노인정, 주민공동시설, 어린이놀이터, 자전거보관소"
위탁관리,위탁관리,단일계약,위탁관리,상주선임,GR형,음식물쓰레기종량제,위탁관리,,위탁관리,철근콘크리트구조,고가수조식,관공서(동사무소) 병원(황치과) 대형상가(사러가쇼핑센터) 공원(매낙골공원),"도포식,분무식,독이식",초등학교(우신초등학교),에이제이대원 주식회사,A15005402,8,신길삼성래미안,126,8,12,3600,36,122,853,12,백송종합관리,5~10분이내,5~10분이내,"1호선, 5호선, 7호선","보라매, 신풍, 대방, 영등포, 신길","관리사무소, 노인정, 보육시설, 주민공동시설, 어린이놀이터, 자전거보관소"
위탁관리,위탁관리,단일계약,위탁관리,상주선임,P형,음식물쓰레기종량제,위탁관리,,위탁관리,철근콘크리트구조,부스타방식,관공서(동사무소) 병원(서울대윤병원) 대형상가(삼성디지털프라자) 공원(영등포공원),분무식,"중학교(영원중교) 고등학교(영등포여고교, 장훈고등학교)",(주)디엠지관리,A15005001,5,신길우성4차아파트,88,5,12,1400,17,203,89,10,(주)디엠지관리,5분이내,5분이내,"1호선, 5호선",신길,"관리사무소, 노인정, 어린이놀이터, 자전거보관소"
위탁관리,위탁관리,단일계약,위탁관리,상주선임,P형,차량수거방식,위탁관리,무,위탁관리,철근콘크리트구조,부스타방식,관공서(동사무소) 병원(김영준소아과) 공원(보라매공원),"도포식,기구부착식",초등학교(대방초등학교) 중학교(강남중교) 고등학교(ㅁ성남고교),광인산업(주),A15085404,5,신길한성,52,4,12,1465,11,147,298,8,이데아그룹,5~10분이내,5~10분이내,"1호선, 7호선","서울지방병무청, 신풍","관리사무소, 노인정, 어린이놀이터, 휴게시설"
위탁관리,위탁관리,단일계약,위탁관리,위탁선임,GR형,음식물쓰레기종량제,위탁관리,,위탁관리,철근콘크리트구조,부스타방식,병원(외외과),"도포식,분무식,기구부착식,독이식",초등학교(우신) 중학교(영원) 고등학교(대영),(주)한성세영비엔에이,A15005002,4,레전드힐스,16,2,12,950,3,73,0,2,,5분이내,10~15분이내,7호선,신풍,관리사무소
위탁관리,위탁관리,종합계약,위탁관리,상주선임,P형,음식물쓰레기종량제,위탁관리,,위탁관리,철근콘크리트구조,고가수조식,관공서(동사무소) 병원(현대의원) 공원(보라매공원) 기타(돈보스코청소년센터),"분무식,독이식",초등학교(대길초등학교) 중학교(대방중학교) 고등학교(영신고등학교),대원종합관리(주),A15086007,6,신길우성2차,16,6,12,1870,16,700,0,9,굿모닝대양,5~10분이내,5~10분이내,7호선,신풍,"관리사무소, 노인정, 어린이놀이터, 자전거보관소"
위탁관리,위탁관리,단일계약,위탁관리,위탁선임,P형,음식물쓰레기종량제,위탁관리,,위탁관리,철근콘크리트구조,고가수조식,관공서(동사무소) 병원(보인의원) 대형상가(사러가쇼핑센터) 공원(근린공원),,초등학교(우신초등학교),주식회사 한빛종합관리,A15005102,5,신기목련,35,1,2,450,4,102,28,2,(주)에코그린TM,10~15분이내,10~15분이내,"1호선, 7호선",신풍,"관리사무소, 노인정, 어린이놀이터"
위탁관리,위탁관리,단일계약,위탁관리,위탁선임,P형,음식물쓰레기종량제,자치관리,,위탁관리,철근콘크리트구조,고가수조식,관공서(동사무소) 병원(서울대윤병원) 공원(여의도생태공원),"도포식,분무식,기구부착식,기구설치식,독이식",중학교(영원중교) 고등학교(장훈고교),,A15083703,4,신길경남,103,5,12,1240,8,84,351,4,이데아그룹,5분이내,5분이내,"1호선, 5호선",신길역,"관리사무소, 노인정, 어린이놀이터"
위탁관리,위탁관리,종합계약,위탁관리,위탁선임,P형,음식물쓰레기종량제,자치관리,,자치관리,철근콘크리트구조,부스타방식,관공서(신길3동 주민센터) 병원(한산부인과) 대형상가(LG하이프라자) 공원(근린공원),"분무식,독이식",초등학교(대영초등학교) 중학교(대영중교) 고등학교(대영고교),,A15005302,4,신길건영,107,5,12,995,4,313,0,6,,5분이내,10~15분이내,"1호선, 2호선, 7호선",신풍역,"관리사무소, 노인정, 어린이놀이터, 자전거보관소"
위탁관리(직영+위탁),위탁관리,단일계약,위탁관리,위탁선임,GR형,음식물쓰레기종량제,위탁관리,유,위탁관리(직영+위탁),철근콘크리트구조,부스타방식,관공서(동사무소) 병원(김정은소아과의원) 공원(보라매공원) 기타(돈보스코청소년센터),분무식,초등학교(대길초등학교) 중학교(대방중학교),(주)한빛관리,A15086001,3,보라매두산위브,37,2,12,900,6,205,48,2,(주)한빛종합관리,5~10분이내,5~10분이내,7호선,신풍,"관리사무소, 노인정, 어린이놀이터, 자전거보관소"
위탁관리,위탁관리,단일계약,위탁관리,상주선임,R형,음식물쓰레기종량제,위탁관리,,위탁관리,철근콘크리트구조,부스타방식,관공서(동사무소) 병원(성애) 대형상가(사러가쇼핑센터),"분무식,독이식",초등학교(영신초등학교),일신주택관리(주),A15096001,4,신길자이,78,2,12,1000,5,0,226,4,세이프원,5~10분이내,15~20분이내,"1호선, 5호선",신풍,"관리사무소, 노인정, 주민공동시설, 어린이놀이터, 휴게시설, 커뮤니티공간, 자전거보관소"
위탁관리,위탁관리,단일계약,,위탁선임,P형,음식물쓰레기종량제,자치관리,,위탁관리,철근콘크리트구조,고가수조식,관공서(동사무소) 병원(성심의원) 공원(신길광장공원) 기타(돈보스코청소년센터),"분무식,독이식",초등학교(대길초등학교) 중학교(대영중학교) 고등학교(대영고등학교),,A15085805,4,신길남서울,32,4,12,367,,280,0,6,경진이앤지,5분이내,5분이내,7호선,신풍,"관리사무소, 노인정, 어린이놀이터, 휴게시설"
위탁관리,위탁관리,종합계약,위탁관리,상주선임,P형,음식물쓰레기종량제,위탁관리,,위탁관리,철근콘크리트구조,고가수조식,관공서(동사무소) 공원(),"분무식,독이식",초등학교(대방초등학교) 중학교(강남중교) 고등학교(서울공업고교),쌍용개발,A15005705,13,신길삼환,147,10,12,2750,26,496,608,22,(주)쌍용개발,5~10분이내,5~10분이내,"1호선, 5호선, 7호선",신풍,"관리사무소, 노인정, 보육시설, 어린이놀이터"
위탁관리(직영+위탁),,종합계약,위탁관리,위탁선임,P형,음식물쓰레기종량제,위탁관리,,위탁관리(직영+위탁),철근콘크리트구조,고가수조식,관공서(동사무소) 병원(성애병원) 공원(여의도샛강생태공원),,중학교(윤중중학교) 고등학교(한국제과고등기술학교),신한영주택관리(주),A15083701,2,신길삼두,0,1,,225,2,45,0,2,,5~10분이내,5분이내,"1호선, 5호선",대방,"관리사무소, 어린이놀이터"
자치관리,위탁관리,단일계약,위탁관리,위탁선임,P형,음식물쓰레기종량제,위탁관리,,위탁관리,철근콘크리트구조,부스타방식,관공서(동사무소) 병원(성심병원) 공원(보라매공원) 기타(돈보스코청소년센터),분무식,초등학교(대길초등학교) 중학교(대방중학교) 고등학교(영신고등학교),(주)태룡에스디,A15005602,3,신길우창,13,1,12,500,2,163,0,4,(주)한영파트너스,5~10분이내,5~10분이내,7호선,신풍,"관리사무소, 어린이놀이터, 휴게시설, 자전거보관소"
위탁관리,위탁관리,종합계약,위탁관리,상주선임,R형,차량수거방식,위탁관리,,위탁관리,철근콘크리트구조,부스타방식,대형상가(사러가쇼핑센터),"도포식,분무식",초등학교(대영) 중학교(대영) 고등학교(대영),서림주택,A15005501,5,포레나 신길,116,3,12,1650,18,41,377,4,세계보안,5분이내,5분이내,7호선,신풍,"관리사무소, 노인정, 어린이놀이터, 자전거보관소"
위탁관리,위탁관리,단일계약,위탁관리,상주선임,P형,음식물쓰레기종량제,위탁관리,,위탁관리,철근콘크리트구조,고가수조식,관공서(동사무소) 병원(한산부인과) 대형상가(LG하이프라자) 공원(근린공원),"도포식,분무식,독이식",초등학교(대영초등학교) 중학교(대영중교) 고등학교(대영고교),(주)화신지엠에스,A15005303,5,신길1차우성아파트,48,7,12,1760,16,470,0,9,태영건물종합관리(주),5분이내,5~10분이내,"1호선, 2호선, 7호선","신도림역,문래역,신풍역","관리사무소, 노인정, 어린이놀이터"
위탁관리,위탁관리,단일계약,위탁관리,상주선임,R형,음식물쓰레기종량제,위탁관리,유,위탁관리,철근콘크리트구조,부스타방식,관공서(동사무소) 병원(남수한의원) 대형상가(LG하이프라자) 공원(보라매공원) 기타(돈보스코청소년센터),"도포식,분무식",초등학교(대길초등학교) 중학교(대방중학교) 고등학교(영신고등학교),광인산업(주),A15086006,7,보라매경남아너스빌,154,5,12,2391,15,125,674,10,예주산업(주),5~10분이내,5~10분이내,7호선,신풍,"관리사무소, 노인정, 보육시설, 문고, 주민공동시설, 어린이놀이터, 휴게시설, 자전거보관소"
위탁관리,위탁관리,단일계약,위탁관리,상주선임,P형,음식물쓰레기종량제,위탁관리,무,위탁관리,철근콘크리트구조,고가수조식,관공서(동사무소) 병원(원치과) 대형상가(홈플러스) 공원(보라매공원) 기타(돈보스코청소년센터),"도포식,분무식,독이식",초등학교(대길초등학교) 중학교(대방중학교) 고등학교(영신고등학교),율산개발(주),A15005603,5,신길삼성,41,3,12,970,4,218,0,4,희망코리아(주),5~10분이내,5~10분이내,7호선,신풍,"관리사무소, 노인정, 어린이놀이터, 자전거보관소"
자치관리(직영),위탁관리(직영+위탁),종합계약,위탁관리(직영+위탁),위탁선임,P형,음식물쓰레기종량제,자치관리,,자치관리(직영),철근콘크리트구조,부스타방식,관공서(동사무소  : 신길6동 동사무소) 병원(이화의원 . ) 대형상가(하이마트-신풍점) 공원(보라매공원) 기타(돈보스코청소년센터),분무식,초등학교(대길초등학교) 고등학교(영신고등학교),,A15086004,5,신길우성3차아파트,69,3,4,950,13,192,0,9,,5~10분이내,5~10분이내,7호선,신풍,"관리사무소, 노인정, 어린이놀이터, 자전거보관소"
위탁관리,위탁관리,단일계약,위탁관리,상주선임,R형,거점장비수거방식,위탁관리,유,위탁관리,철골철근콘크리트구조,부스타방식,,"도포식,분무식,독이식",초등학교(대영초등학교) 중학교(대영중학교) 고등학교(대영고등학교),(주)아주관리,A10027755,9,래미안프레비뉴,100,10,12,5000,28,0,1211,10,(주)아주관리,5~10분이내,5~10분이내,7호선,,"관리사무소, 노인정, 보육시설, 문고, 주민공동시설, 어린이놀이터, 휴게시설, 커뮤니티공간, 자전거보관소"
위탁관리,위탁관리,단일계약,위탁관리,상주선임,R형,음식물쓰레기종량제,위탁관리,,위탁관리,철골콘크리트구조,부스타방식,,"도포식,분무식",,(주)타워피엠씨,A10027073,15,래미안에스티움,206,23,12,7550,52,0,2280,13,(주)에스원,5분이내,5분이내,7호선,신풍역,"관리사무소, 노인정, 보육시설, 문고, 주민공동시설, 어린이놀이터, 휴게시설, 커뮤니티공간, 자전거보관소"
자치관리,관리방식미정,기타,,선정안함,P형,음식물쓰레기종량제,자치관리,,자치관리,철근콘크리트구조,고가수조식,공원(),,,,A10026182,4,신미아파트,0,1,,1,,130,0,2,,5분이내,5분이내,7호선,신풍역,관리사무소
위탁관리,위탁관리,종합계약,위탁관리,상주선임,P형,음식물쓰레기종량제,위탁관리,,위탁관리,철근콘크리트구조,부스타방식,관공서(주민센터),분무식,초등학교(대영초등학교) 중학교() 고등학교(),자이에스앤디(주),A10025024,9,신길센트럴자이,220,10,4,4500,29,0,1224,9,(주)듀델코리아,5분이내,5분이내,7호선,,"관리사무소, 노인정, 보육시설, 문고, 주민공동시설, 어린이놀이터, 휴게시설, 커뮤니티공간, 자전거보관소"
위탁관리,위탁관리,단일계약,위탁관리,상주선임,R형,거점장비수거방식,위탁관리,,위탁관리,철근콘크리트구조,부스타방식,,"도포식,분무식,독이식",,한국주택시설관리(주),A10025562,6,신길센트럴아이파크,217,7,12,3000,32,0,673,6,(주)우창개발,5분이내,5~10분이내,"1호선, 2호선, 7호선",,"관리사무소, 노인정, 주민공동시설, 어린이놀이터, 유치원, 커뮤니티공간, 자전거보관소"
위탁관리,위탁관리,종합계약,위탁관리,상주선임,GR형,음식물쓰레기종량제,위탁관리,유,위탁관리,철골콘크리트구조,부스타방식,,,,율산개발 유한회사,A10025070,12,보라매 sk뷰,488,17,12,6850,40,0,1868,12,(주)에스원,5~10분이내,5~10분이내,7호선,,"관리사무소, 노인정, 보육시설, 문고, 주민공동시설, 어린이놀이터, 휴게시설, 커뮤니티공간, 자전거보관소"
위탁관리,위탁관리,종합계약,위탁관리,상주선임,GR형,차량수거방식,위탁관리,유,위탁관리,철골철근콘크리트구조,부스타방식,관공서() 병원() 백화점() 대형상가() 공원() 기타(),분무식,초등학교() 중학교() 고등학교() 대학교(),(주)아주관리,A10024470,7,신길파크자이,266,7,12,2750,19,0,850,5,(주)유케이개발,5분이내,5분이내,7호선,,"관리사무소, 노인정, 보육시설, 문고, 주민공동시설, 어린이놀이터, 휴게시설, 커뮤니티공간, 자전거보관소, 기타"
위탁관리,위탁관리,단일계약,위탁관리,상주선임,R형,차량수거방식,위탁관리,,위탁관리,철골철근콘크리트구조,부스타방식,관공서() 병원() 대형상가() 공원(),"도포식,분무식,독이식",초등학교() 중학교() 고등학교(),(주)아주관리,A10024615,13,힐스테이트클래시안아파트,650,15,12,8000,37,0,1777,10,SK쉴더스(주),5분이내,5분이내,7호선,,"관리사무소, 노인정, 보육시설, 문고, 주민공동시설, 어린이놀이터, 휴게시설, 커뮤니티공간, 자전거보관소"
위탁관리,위탁관리,종합계약,관리방식미정,상주선임,P형,거점장비수거방식,위탁관리,유,위탁관리,철골철근콘크리트구조,부스타방식,관공서() 병원() 공원(),,초등학교() 중학교(),(주)케이티팝스,A10023715,9,더샵파크프레스티지,48,10,12,3750,49,0,982,7,(주)에스씨월드,5분이내,10~15분이내,"1호선, 5호선, 7호선",,"관리사무소, 노인정, 보육시설, 문고, 주민공동시설, 어린이놀이터, 휴게시설, 커뮤니티공간, 자전거보관소, 기타"
위탁관리,위탁관리,단일계약,위탁관리,상주선임,P형,거점장비수거방식,위탁관리,,위탁관리,철근콘크리트구조,부스타방식,관공서(동사무소) 병원(소망치과의원  명지성모병원) 공원(원지공원),"도포식,분무식,독이식","초등학교(대동초등학교, 도신초등학교) 중학교(구로,영남)",광인산업(주),A15081503,5,대림우성,48,3,4,1250,10,270,0,10,(주)경진이앤지,5~10분이내,10~15분이내,"2호선, 7호선",대림,"관리사무소, 노인정, 어린이놀이터, 자전거보관소, 기타"
위탁관리,위탁관리,단일계약,위탁관리,상주선임,P형,기타,위탁관리,,위탁관리,철근콘크리트구조,고가수조식,"관공서(주민센터) 병원(대림본치과) 백화점(디큐브백화점) 대형상가(이마트, 테크노마트) 공원(도림동철도연변소공원)","도포식,분무식,기구부착식",초등학교(신영) 대학교(한국방송대지역학습관),우리관리(주),A15081107,15,대림현대3차,209,10,12,3450,23,522,791,19,듀델코리아,5~10분이내,10~15분이내,"1호선, 2호선",신도림,"관리사무소, 노인정, 보육시설, 어린이놀이터, 자전거보관소"
위탁관리,위탁관리,종합계약,위탁관리,상주선임,GR형,거점장비수거방식,위탁관리,,위탁관리,철근콘크리트구조,부스타방식,"병원(대림성모병원) 백화점(롯데백화점,이마트) 대형상가()",분무식,"초등학교(영림초) 중학교(영남중,대림중)",우리관리(주),A15007201,5,신대림자이,133,7,12,7825,14,0,468,6,세연종합관리,5분이내,5분이내,"2호선, 7호선","구로디지털역,대림역","관리사무소, 어린이놀이터"
위탁관리,위탁관리,단일계약,위탁관리,위탁선임,R형,음식물쓰레기종량제,위탁관리,무,위탁관리,철근콘크리트구조,고가수조식,관공서(동사무소) 병원(하얀치과),분무식,초등학교(신영) 중학교(영남) 대학교(한국방송대지역학습관),광인산업(주),A15081201,3,대림성원,30,2,4,900,5,0,152,2,광인산업(주),5~10분이내,15~20분이내,"1호선, 2호선, 7호선","신도림, 대림","관리사무소, 노인정, 어린이놀이터, 자전거보관소"
자치관리(직영),위탁관리,단일계약,위탁관리,상주선임,R형,음식물쓰레기종량제,위탁관리,유,위탁관리,철근콘크리트구조,부스타방식,병원(한림대 강남 성심병원) 대형상가(이마트),분무식,"초등학교(영림초등학교) 중학교(대림중학교) 고등학교(영신고등학교, 수도여자고등학교)",서림주택관리(주),A15007002,4,신대림한솔솔파크,47,2,4,1490,7,33,241,3,두원에이엔씨,5~10분이내,5~10분이내,2호선,구로디지털단지,"관리사무소, 노인정, 어린이놀이터, 휴게시설, 자전거보관소"
위탁관리,위탁관리,종합계약,위탁관리,위탁선임,P형,거점장비수거방식,위탁관리,무,위탁관리,철근콘크리트구조,부스타방식,관공서(동사무소) 병원(대림성모병원.대림성심병원.명지성모병원) 대형상가(선프라자백화점) 공원(대림어린이공원),"분무식,기구부착식","초등학교(신대림,대동) 중학교(대림중)",주식회사 한빛종합관리,A15081802,3,대림한신2차,48,2,4,1130,7,69,209,2,듀델코리아,5~10분이내,10~15분이내,"2호선, 7호선",2호선 대림역,"관리사무소, 노인정, 어린이놀이터, 자전거보관소"
위탁관리,위탁관리,단일계약,위탁관리,위탁선임,P형,음식물쓰레기종량제,자치관리,,자치관리,철근콘크리트구조,부스타방식,병원(대림본치과) 백화점(현대백화점(신도림)) 공원(삼각공원) 기타(대림운동장),"도포식,분무식",초등학교(신영초) 중학교(영남중학교) 대학교(한국방송대지역학습관),,A15081602,4,대림현대2차,35,2,12,900,7,146,104,4,,5~10분이내,10~15분이내,"1호선, 2호선, 7호선",신도림,"관리사무소, 노인정, 어린이놀이터, 자전거보관소"
위탁관리,위탁관리,단일계약,위탁관리,위탁선임,P형,차량수거방식,위탁관리,,위탁관리,철근콘크리트구조,부스타방식,관공서(동사무소) 병원(한마음내과) 기타(대림운동장),,"초등학교(동구로) 중학교(영남,구로)",서림주택관리(주),A15007101,2,대림갑을명가,35,2,36,600,6,75,106,2,유한회사 탄천산업,5~10분이내,5~10분이내,"2호선, 7호선",대림,"관리사무소, 노인정, 어린이놀이터, 자전거보관소"
위탁관리,위탁관리,단일계약,위탁관리,위탁선임,P형,기타,자치관리,,위탁관리,철근콘크리트구조,부스타방식,병원(명지춘혜병원) 공원(삼각공원) 기타(대림운동장),"도포식,분무식",초등학교(신영초),,A15081604,5,대림3동현대아파트,49,3,12,1310,13,304,0,6,(주)원광,5~10분이내,15~20분이내,"1호선, 2호선, 7호선",신도림.대림역,"관리사무소, 노인정, 어린이놀이터, 자전거보관소"
위탁관리,위탁관리,단일계약,위탁관리,상주선임,P형,음식물쓰레기종량제,위탁관리,,위탁관리,철근콘크리트구조,부스타방식,"관공서(동사무소) 병원(하얀치과) 백화점(테크노마트, 디큐브시티 현대백화점) 대형상가(이마트 신도림점) 공원(도림동철도연변소공원)","도포식,분무식,독이식",초등학교(신영) 대학교(한국방송대지역학습관),(주)한빛관리,A15081105,5,대림코오롱,70,4,4,1475,10,139,426,8,듀델코리아,5분이내,5분이내,"1호선, 2호선",신풍,"관리사무소, 노인정, 어린이놀이터"
위탁관리,위탁관리,단일계약,위탁관리,위탁선임,R형,음식물쓰레기종량제,위탁관리,,위탁관리,철근콘크리트구조,부스타방식,관공서(대림동주민센터) 병원(명지성모병원),"도포식,분무식",초등학교(대동초),성화개발(주),A15095002,2,신대림신동아파밀리에,54,2,12,800,6,2,219,2,성화개발,5분이내,5~10분이내,"2호선, 7호선",대림,"관리사무소, 노인정, 주민공동시설, 어린이놀이터, 커뮤니티공간, 자전거보관소"
위탁관리,위탁관리,단일계약,위탁관리,상주선임,P형,음식물쓰레기종량제,위탁관리,무,위탁관리,철근콘크리트구조,부스타방식,"관공서(대림3동사무소) 병원(명지성모병원, 명지춘혜병원) 공원(동심어린이공원) 기타(대림운동장)","도포식,분무식",초등학교(신영초) 중학교(영남중학교) 대학교(한국방송대지역학습관),(주)동우개발,A15081606,5,대림신동아,55,4,12,1560,6,380,0,9,경진이앤지,5분이내,5분이내,"2호선, 7호선",신도림,"관리사무소, 노인정, 어린이놀이터, 자전거보관소"
위탁관리,위탁관리,단일계약,위탁관리,위탁선임,R형,차량수거방식,자치관리,무,위탁관리,조적구조,고가수조식,병원(강남성심병원),"도포식,분무식",초등학교(대림초등학교) 중학교(대림중학교),,A15095001,2,대림동현대,48,2,6,980,5,45,182,3,푸른안전산업,5분이내,10~15분이내,"2호선, 7호선",,"관리사무소, 노인정, 어린이놀이터, 자전거보관소"
위탁관리,위탁관리,종합계약,위탁관리,상주선임,GR형,음식물쓰레기종량제,위탁관리,,위탁관리,철근콘크리트구조,부스타방식,"관공서(동사무소, 파출소, 은행) 병원(성모병원) 공원(두암공원)","분무식,독이식",초등학교() 중학교() 고등학교(),(주)다보산업관리,A10027935,3,대림쌍용플래티넘S,42,3,5,1150,3,1,91,2,,5~10분이내,5~10분이내,"2호선, 7호선",,"관리사무소, 주민공동시설, 휴게시설"
위탁관리,위탁관리,종합계약,위탁관리,위탁선임,R형,음식물쓰레기종량제,위탁관리,,위탁관리,철근콘크리트구조,부스타방식,병원(),,초등학교() 고등학교(),주식회사 성우서비스,A10027381,4,보라매 신동아파밀리에아파트,75,2,4,1220,8,0,291,3,(주)성우,5분이내,5~10분이내,"2호선, 7호선",,"관리사무소, 노인정, 어린이놀이터, 휴게시설, 커뮤니티공간, 자전거보관소"
위탁관리,위탁관리,단일계약,위탁관리,상주선임,R형,거점장비수거방식,위탁관리,,위탁관리,철근콘크리트구조,부스타방식,,도포식,,(주)듀델코리아,A10025122,8,지밸리소홈,38,2,12,1650,4,46,170,2,(주)듀델코리아,5~10분이내,5분이내,2호선,구로디지털단지역,"관리사무소, 커뮤니티공간, 자전거보관소"
위탁관리,위탁관리,종합계약,위탁관리,상주선임,P형,기타,위탁관리,,,철골콘크리트구조,부스타방식,,기구부착식,,에셋테크(주),A10026761,4,H하우스 대림 뉴스테이,72,4,12,1450,4,31,145,,,5분이내,5분이내,2호선,구로디지털단지역,"관리사무소, 주민공동시설, 커뮤니티공간, 자전거보관소"
위탁관리,위탁관리,종합계약,위탁관리,상주선임,GR형,음식물쓰레기종량제,위탁관리,유,위탁관리,철골철근콘크리트구조,부스타방식,병원(강남성심병원),"도포식,분무식",초등학교(신대림) 중학교(대림) 고등학교(영신),(주)화신지엠에스,A10024725,7,e편한세상 영등포 아델포레,411,11,5,2125,26,0,1076,6,(주)씨큐원,5분이내,5~10분이내,"2호선, 7호선",,"관리사무소, 노인정, 보육시설, 문고, 주민공동시설, 어린이놀이터, 커뮤니티공간, 자전거보관소"
위탁관리,위탁관리,기타,위탁관리,위탁선임,P형,음식물쓰레기종량제,위탁관리,,위탁관리,철골콘크리트구조,부스타방식,,"도포식,분무식,독이식",,대한종합개발(주),A10024829,1,대림 우성2차,36,1,12,304,4,35,56,0,다경 씨앤에스,5분이내,5분이내,"2호선, 7호선",,"관리사무소, 어린이놀이터, 자전거보관소"
위탁관리,관리방식미정,종합계약,관리방식미정,상주선임,R형,음식물쓰레기종량제,위탁관리,,위탁관리,철골콘크리트구조,부스타방식,,,,자이에스앤디(주),A10023516,5,영등포자이르네,54,3,,1650,7,0,189,2,(주)평산종합관리,5분이내,5~10분이내,"2호선, 7호선",,"관리사무소, 주민공동시설, 어린이놀이터, 자전거보관소"
